{"cameraMode":{"drawMode":0,"name":"Shaded","section":"Shading Mode"},"sceneLighting":true,"audioPlay":false,"sceneViewState":{"showFog":true,"showMaterialUpdate":false,"showSkybox":true,"showFlares":true,"showImageEffects":true,"showParticleSystems":true},"in2DMode":false,"pivot":{"x":-0.20689046382904054,"y":3.564607858657837,"z":3.3492791652679445},"rotation":{"x":0.0041686915792524818,"y":-0.9635770916938782,"z":0.2669990062713623,"w":0.015039035119116307},"size":-1.092475175857544,"orthographic":false}